Trial1,Trial2,Trial3,Trial4,Trial5,Trial6,Trial7,Trial8,Trial9,Trial10,Trial11,Trial12,Trial13,Trial14,Trial15,Trial16,Trial17,Trial18,Trial19,Trial20,Trial21,Trial22,Trial23,Trial24,Trial25,Trial26,Trial27,Trial28,Trial29,Trial30,Trial31,Trial32
29_e,28_d,24_h,27_c,31_g,25_a,4_d,32_h,15_g,2_b,14_f,10_b,21_e,18_b,12_d,20_d,7_g,19_c,23_g,6_f,13_e,11_c,8_h,3_c,22_f,5_e,26_b,30_f,1_a,16_h,9_a,17_a
6_e,18_a,3_b,20_c,10_a,29_d,14_e,28_c,21_d,4_c,25_h,1_h,23_f,19_b,24_g,8_g,15_f,12_c,31_f,5_d,9_h,22_e,2_a,13_d,32_g,17_h,30_e,7_f,11_b,16_g,26_a,27_b
9_g,13_c,32_f,2_h,19_a,10_h,17_g,29_c,5_c,3_a,30_d,1_g,8_f,12_b,23_e,15_e,21_c,16_f,27_a,25_g,22_d,28_b,20_b,18_h,26_h,7_e,4_b,14_d,11_a,31_e,24_f,6_d
19_h,27_h,4_a,14_c,17_f,7_d,10_g,11_h,25_f,29_b,30_c,31_d,8_e,28_a,3_h,18_g,24_e,26_g,9_f,21_b,20_a,1_f,2_g,16_e,22_c,23_d,15_d,12_a,32_e,5_b,6_c,13_b
25_e,14_b,20_h,30_b,3_g,2_f,16_d,15_c,13_a,1_e,7_c,27_g,8_d,10_f,6_b,26_f,12_h,29_a,11_g,18_f,4_h,19_g,23_c,9_e,17_e,22_b,5_a,31_c,28_h,32_d,24_d,21_a
15_b,4_g,21_h,1_d,12_g,18_e,10_e,9_d,28_g,22_a,7_b,19_f,27_f,25_d,20_g,17_d,6_a,30_a,14_a,2_e,3_f,8_c,31_b,13_h,32_c,16_c,29_h,5_h,23_b,24_c,26_e,11_f
7_a,20_f,28_f,4_f,16_b,30_h,19_e,26_d,21_g,27_e,12_f,15_a,32_b,10_d,31_a,25_c,11_e,29_g,5_g,23_a,3_e,18_d,14_h,2_d,24_b,17_c,1_c,6_h,13_g,8_b,22_h,9_c
3_d,15_h,22_g,24_a,32_a,10_c,23_h,27_d,26_c,19_d,11_d,7_h,16_a,6_g,2_c,31_h,18_c,14_g,1_b,21_f,5_f,20_e,12_e,4_e,29_f,17_b,9_b,13_f,30_g,28_e,8_a,25_b
17_a,1_a,29_e,9_a,11_c,22_f,26_b,24_h,18_b,27_c,12_d,16_h,28_d,31_g,10_b,4_d,6_f,21_e,30_f,8_h,5_e,23_g,15_g,3_c,14_f,13_e,20_d,32_h,25_a,7_g,2_b,19_c
5_d,18_a,13_d,19_b,8_g,16_g,26_a,27_b,28_c,9_h,17_h,25_h,7_f,1_h,11_b,30_e,3_b,14_e,21_d,15_f,23_f,32_g,31_f,4_c,6_e,12_c,22_e,29_d,10_a,2_a,24_g,20_c
31_e,23_e,5_c,21_c,18_h,24_f,22_d,2_h,30_d,9_g,1_g,6_d,4_b,28_b,29_c,13_c,17_g,26_h,20_b,7_e,8_f,15_e,25_g,10_h,14_d,16_f,27_a,32_f,19_a,11_a,3_a,12_b
19_h,20_a,28_a,27_h,22_c,8_e,15_d,18_g,2_g,26_g,5_b,29_b,24_e,31_d,32_e,4_a,13_b,16_e,7_d,21_b,3_h,25_f,11_h,30_c,10_g,9_f,6_c,1_f,17_f,14_c,23_d,12_a
29_a,27_g,3_g,11_g,1_e,13_a,5_a,21_a,4_h,24_d,15_c,7_c,22_b,32_d,19_g,17_e,30_b,10_f,14_b,12_h,8_d,9_e,6_b,25_e,31_c,18_f,16_d,28_h,26_f,20_h,2_f,23_c
22_a,28_g,21_h,2_e,19_f,3_f,15_b,9_d,29_h,26_e,20_g,1_d,27_f,10_e,25_d,18_e,13_h,7_b,32_c,11_f,8_c,24_c,30_a,14_a,16_c,31_b,23_b,17_d,12_g,6_a,5_h,4_g
6_h,20_f,2_d,23_a,1_c,22_h,4_f,24_b,27_e,17_c,15_a,28_f,19_e,16_b,13_g,21_g,30_h,9_c,11_e,7_a,12_f,32_b,31_a,8_b,5_g,25_c,10_d,18_d,3_e,14_h,26_d,29_g
3_d,28_e,8_a,12_e,32_a,13_f,26_c,1_b,29_f,24_a,19_d,16_a,9_b,6_g,31_h,4_e,22_g,15_h,30_g,20_e,23_h,17_b,5_f,25_b,7_h,11_d,21_f,10_c,14_g,2_c,18_c,27_d
14_f,25_a,30_f,2_b,12_d,11_c,16_h,1_a,18_b,8_h,9_a,23_g,20_d,24_h,21_e,22_f,26_b,5_e,6_f,28_d,29_e,27_c,4_d,13_e,7_g,32_h,15_g,19_c,17_a,3_c,31_g,10_b
32_g,11_b,30_e,26_a,3_b,19_b,24_g,5_d,21_d,15_f,8_g,2_a,23_f,17_h,28_c,31_f,7_f,10_a,18_a,13_d,4_c,20_c,12_c,27_b,1_h,25_h,9_h,6_e,16_g,14_e,22_e,29_d
32_f,10_h,26_h,28_b,14_d,2_h,19_a,12_b,7_e,30_d,11_a,13_c,29_c,8_f,22_d,9_g,1_g,23_e,18_h,5_c,16_f,31_e,21_c,20_b,25_g,3_a,27_a,24_f,6_d,15_e,4_b,17_g
5_b,22_c,30_c,11_h,3_h,9_f,16_e,4_a,1_f,29_b,12_a,2_g,24_e,10_g,28_a,25_f,26_g,19_h,32_e,14_c,21_b,17_f,15_d,8_e,13_b,7_d,6_c,20_a,23_d,27_h,31_d,18_g
9_e,13_a,1_e,25_e,8_d,20_h,12_h,30_b,5_a,2_f,23_c,27_g,18_f,28_h,6_b,19_g,3_g,22_b,11_g,15_c,4_h,14_b,24_d,31_c,10_f,16_d,21_a,32_d,7_c,29_a,17_e,26_f
17_d,11_f,9_d,13_h,19_f,27_f,30_a,14_a,20_g,12_g,3_f,18_e,24_c,29_h,1_d,28_g,15_b,21_h,4_g,7_b,5_h,6_a,31_b,25_d,23_b,26_e,16_c,22_a,32_c,8_c,2_e,10_e
10_d,18_d,30_h,14_h,21_g,17_c,2_d,7_a,15_a,29_g,13_g,19_e,31_a,20_f,5_g,12_f,11_e,16_b,22_h,25_c,28_f,27_e,8_b,26_d,6_h,4_f,24_b,9_c,3_e,23_a,1_c,32_b
9_b,18_c,10_c,19_d,2_c,8_a,5_f,12_e,30_g,27_d,4_e,13_f,17_b,7_h,29_f,26_c,22_g,23_h,28_e,1_b,20_e,3_d,6_g,15_h,11_d,14_g,21_f,32_a,31_h,24_a,25_b,16_a
17_a,23_g,15_g,31_g,16_h,12_d,21_e,22_f,18_b,3_c,25_a,1_a,24_h,6_f,5_e,8_h,4_d,13_e,10_b,9_a,30_f,29_e,27_c,14_f,32_h,19_c,26_b,2_b,11_c,7_g,28_d,20_d
27_b,29_d,15_f,30_e,21_d,8_g,17_h,4_c,16_g,14_e,5_d,31_f,22_e,1_h,7_f,3_b,12_c,11_b,18_a,28_c,10_a,32_g,26_a,24_g,6_e,20_c,23_f,19_b,25_h,9_h,2_a,13_d
1_g,16_f,4_b,20_b,5_c,8_f,29_c,10_h,32_f,12_b,31_e,6_d,27_a,23_e,25_g,26_h,28_b,21_c,17_g,18_h,15_e,30_d,2_h,14_d,24_f,11_a,13_c,7_e,19_a,22_d,3_a,9_g
31_d,6_c,3_h,23_d,32_e,16_e,18_g,9_f,25_f,28_a,17_f,7_d,12_a,13_b,19_h,14_c,29_b,8_e,4_a,5_b,20_a,10_g,30_c,11_h,26_g,1_f,24_e,2_g,21_b,22_c,15_d,27_h
10_f,8_d,13_a,11_g,32_d,16_d,2_f,18_f,23_c,7_c,28_h,17_e,31_c,29_a,22_b,21_a,20_h,1_e,3_g,19_g,24_d,5_a,14_b,30_b,27_g,12_h,4_h,26_f,9_e,25_e,15_c,6_b
21_h,7_b,30_a,2_e,14_a,23_b,19_f,24_c,17_d,10_e,32_c,5_h,4_g,26_e,3_f,31_b,29_h,25_d,28_g,18_e,1_d,20_g,11_f,27_f,15_b,16_c,8_c,6_a,12_g,13_h,22_a,9_d
28_f,31_a,25_c,18_d,17_c,32_b,7_a,27_e,1_c,4_f,22_h,21_g,19_e,23_a,15_a,10_d,8_b,14_h,26_d,29_g,5_g,16_b,3_e,20_f,9_c,30_h,12_f,13_g,6_h,11_e,2_d,24_b
30_g,26_c,13_f,15_h,20_e,24_a,17_b,7_h,2_c,19_d,31_h,32_a,25_b,23_h,16_a,9_b,6_g,11_d,8_a,28_e,12_e,27_d,3_d,10_c,18_c,1_b,4_e,14_g,29_f,22_g,5_f,21_f
